,Accuracy,Precision,Recall,F1-Score,AUC
CRNN,28.999999999999996,0.2896825396825397,0.2833333333333334,0.27777777777777773,0.5157407407407407
