,Accuracy,Precision,Recall,F1-Score,AUC
CRNN,28.999999999999996,0.2833333333333334,0.2833333333333334,0.2814814814814815,0.6268518518518519
