,Accuracy,Precision,Recall,F1-Score,AUC
CRNN,26.0,0.2833333333333333,0.27,0.24392156862745096,0.4677192982456141
