,Accuracy,Precision,Recall,F1-Score,AUC
CRNN,44.0,0.6041666666666666,0.45,0.4458874458874459,0.7162087912087913
