,Accuracy,Precision,Recall,F1-Score,AUC
CRNN,43.0,0.4166666666666667,0.43333333333333335,0.4222222222222222,0.5685185185185185
