,Accuracy,Precision,Recall,F1-Score,AUC
CRNN,17.0,0.3,0.18,0.17968253968253972,0.5673684210526316
