,Accuracy,Precision,Recall,F1-Score,AUC
CRNN,43.0,0.41111111111111115,0.45,0.4166666666666667,0.561111111111111
