,Accuracy,Precision,Recall,F1-Score,AUC
CRNN,39.0,0.4204761904761905,0.4,0.40317460317460324,0.5146198830409358
