,Accuracy,Precision,Recall,F1-Score,AUC
CRNN,39.0,0.5433333333333332,0.38,0.3866666666666666,0.7039181286549708
