,Accuracy,Precision,Recall,F1-Score,AUC
CRNN,17.0,0.14583333333333331,0.1625,0.151010101010101,0.2936126373626374
