,Accuracy,Precision,Recall,F1-Score,AUC
CRNN,56.99999999999999,0.7314814814814815,0.5833333333333334,0.5515873015873015,0.6814814814814815
