,Accuracy,Precision,Recall,F1-Score,AUC
CRNN,9.0,0.05,0.1,0.06666666666666667,0.49251461988304096
