,Accuracy,Precision,Recall,F1-Score,AUC
CRNN,17.0,0.1,0.15000000000000002,0.11666666666666667,0.4278159340659341
