,Accuracy,Precision,Recall,F1-Score,AUC
CRNN,50.0,0.5125,0.48750000000000004,0.4809523809523809,0.6078983516483516
