,Accuracy,Precision,Recall,F1-Score,AUC
CRNN,56.99999999999999,0.5436507936507936,0.5499999999999999,0.5277777777777778,0.6425925925925926
