,Accuracy,Precision,Recall,F1-Score,AUC
CRNN,22.0,0.2611111111111111,0.22999999999999998,0.2202686202686203,0.4162573099415205
