,Accuracy,Precision,Recall,F1-Score,AUC
CRNN,17.0,0.11499999999999999,0.19,0.14188034188034188,0.5770760233918129
