,Accuracy,Precision,Recall,F1-Score,AUC
CRNN,67.0,0.7857142857142857,0.7,0.6493506493506493,0.8
