,Accuracy,Precision,Recall,F1-Score,AUC
CRNN,17.0,0.11309523809523808,0.1625,0.13333333333333333,0.4932005494505495
