,Accuracy,Precision,Recall,F1-Score,AUC
CRNN,17.0,0.175,0.1625,0.16805555555555557,0.42012362637362644
