,Accuracy,Precision,Recall,F1-Score,AUC
CRNN,26.0,0.3,0.25,0.2587590187590188,0.46976608187134505
