,Accuracy,Precision,Recall,F1-Score,AUC
LDA,42.0,0.44166666666666665,0.41666666666666663,0.4196969696969697,0.5949074074074074
SVM,42.0,0.47291666666666665,0.41666666666666663,0.42604617604617606,0.6388888888888888
CRNN,67.0,0.5333333333333333,0.5555555555555555,0.5166666666666666,0.6604938271604938
