,Accuracy,Precision,Recall,F1-Score,AUC
CRNN,13.0,0.08214285714285714,0.15,0.10606060606060605,0.41070175438596496
