,Accuracy,Precision,Recall,F1-Score,AUC
LDA,50.0,0.5138888888888888,0.5,0.4984126984126984,0.757716049382716
SVM,39.0,0.43333333333333335,0.38888888888888884,0.375,0.5486111111111112
CRNN,33.0,0.3611111111111111,0.3333333333333333,0.33968253968253964,0.4074074074074074
