,Accuracy,Precision,Recall,F1-Score,AUC
CRNN,89.0,0.9166666666666667,0.875,0.8831168831168831,0.8
