,Accuracy,Precision,Recall,F1-Score,AUC
CRNN,43.0,0.4619047619047619,0.43333333333333335,0.41645021645021646,0.6268518518518519
