,Accuracy,Precision,Recall,F1-Score,AUC
CRNN,28.000000000000004,0.26666666666666666,0.2625,0.2611111111111111,0.6017170329670329
