,Accuracy,Precision,Recall,F1-Score,AUC
CRNN,28.999999999999996,0.3333333333333333,0.2833333333333334,0.28774928774928776,0.35925925925925933
