,Accuracy,Precision,Recall,F1-Score,AUC
CRNN,33.0,0.23333333333333334,0.3125,0.2513888888888889,0.420260989010989
