,Accuracy,Precision,Recall,F1-Score,AUC
CRNN,39.0,0.5089285714285714,0.3875,0.37310606060606066,0.5378434065934066
