,Accuracy,Precision,Recall,F1-Score,AUC
CRNN,36.0,0.35555555555555557,0.35000000000000003,0.3497835497835498,0.4388888888888889
