,Accuracy,Precision,Recall,F1-Score,AUC
CRNN,22.0,0.21666666666666665,0.21000000000000002,0.20717171717171717,0.4995906432748538
