,Accuracy,Precision,Recall,F1-Score,AUC
CRNN,43.0,0.4444444444444444,0.43333333333333335,0.42962962962962964,0.5407407407407407
