,Accuracy,Precision,Recall,F1-Score,AUC
CRNN,17.0,0.15476190476190477,0.175,0.1534090909090909,0.5164835164835164
