,Accuracy,Precision,Recall,F1-Score,AUC
CRNN,43.0,0.43333333333333335,0.43333333333333335,0.4333333333333334,0.4824074074074074
