,Accuracy,Precision,Recall,F1-Score,AUC
CRNN,14.000000000000002,0.09523809523809523,0.13333333333333333,0.1111111111111111,0.4259259259259259
