,Accuracy,Precision,Recall,F1-Score,AUC
CRNN,33.0,0.27142857142857146,0.3125,0.28888888888888886,0.5263049450549451
