,Accuracy,Precision,Recall,F1-Score,AUC
CRNN,17.0,0.10454545454545454,0.16,0.11944444444444444,0.4783625730994152
