,Accuracy,Precision,Recall,F1-Score,AUC
CRNN,22.0,0.17777777777777776,0.22000000000000003,0.18426573426573425,0.5042690058479533
