,Accuracy,Precision,Recall,F1-Score,AUC
CRNN,26.0,0.2785714285714286,0.25,0.24393384393384396,0.598187134502924
