,Accuracy,Precision,Recall,F1-Score,AUC
CRNN,21.0,0.16666666666666666,0.21666666666666667,0.18787878787878787,0.4583333333333333
