,Accuracy,Precision,Recall,F1-Score,AUC
CRNN,28.000000000000004,0.20833333333333331,0.25,0.21825396825396826,0.46366758241758244
