,Accuracy,Precision,Recall,F1-Score,AUC
CRNN,28.000000000000004,0.25,0.275,0.24047619047619045,0.5289148351648352
